"avgvelocity_x","avgvelocity_y","avgvelocity_z","gesture"
"2.063626","0.55167896","0.666606","a"
"-1.6260251","-3.1982183","-3.4070978","a"
"6.5471716","1.2988309","-0.06693714","a"
"1.1685656","2.037372","0.963023","a"
"-0.9268432","2.978681","6.743943","a"
"-0.47205728","-0.24130397","2.7888103","a"
"-2.8982606","-2.1900632","-0.48507556","a"
"2.7146149","1.1694602","0.47524208","a"
"3.0086005","3.1128366","0.21885534","a"
"-2.1837308","6.24086","8.99594","a"
"0.22739765","-0.8417825","0.5201423","a"
"10.608872","-6.5239263","-4.831868","a"
"1.0851798","1.3458076","0.5837768","a"
"2.876202","0.043636873","-0.3003905","a"
"2.5584602","1.1628411","-0.018229509","a"
"-1.1241554","0.25786656","0.3114744","a"
"1.5696255","-0.2322097","0.238482","a"
"0.45218265","-0.95887685","-0.19995348","a"
"-11.277182","2.983231","9.043807","a"
"4.197466","-8.386455","-5.9171705","a"
"-0.9915386","2.934659","0.5748164","a"
"-2.4658291","-1.6743237","4.1012845","a"
"3.14273","-1.2381727","-9.302645","a"
"1.1347172","1.775978","2.552536","a"
"2.2777317","1.0107081","-2.8357458","a"
"-0.17698066","1.3268999","0.46932614","b"
"4.062719","6.748916","5.8409104","b"
"-0.16261919","5.096451","6.8234496","b"
"-0.8637999","1.7258112","2.4015145","b"
"8.816637","2.280149","2.4851825","b"
"-1.9871699","1.7357144","3.8987706","b"
"10.560015","0.49794227","4.1481085","b"
"8.289236","4.9952497","5.620826","b"
"-3.4261503","0.86830384","8.840725","b"
"4.6491213","2.1960146","3.5063314","b"
"1.4597719","2.6348953","1.7053322","b"
"2.791375","0.96513236","0.3110957","b"
"2.9113283","2.2594597","0.84860057","b"
"7.7468348","15.385993","2.1348093","b"
"1.1395512","0.56946045","-0.4283028","b"
"-0.9280039","1.0517672","2.6275241","b"
"-0.9856164","3.0812998","5.3566837","b"
"3.8356636","0.96426684","-0.48872274","b"
"-1.2665637","8.435903","-0.86612886","b"
"2.8268635","5.4542217","3.6228015","b"
"3.7813652","9.261097","12.724389","b"
"-12.8594675","-5.9381266","1.9621797","b"
"-2.32509","0.12974936","4.4123926","b"
"1.2394938","2.51352","4.23615","b"
"2.8985076","-0.024048472","-1.5293778","b"
"-2.7275133","-0.025687909","-5.9301963","c"
"1.5787419","1.343287","-4.3908625","c"
"0.27680197","0.08672169","-1.7971108","c"
"0.011031997","-3.4217918","-1.6207032","c"
"-0.4466185","3.7563353","-0.15312025","c"
"-1.075756","2.3415396","-2.5723262","c"
"1.887091","-0.5040236","2.13417","c"
"-1.9637625","-1.9050469","3.5015814","c"
"-5.575793","-1.8088021","1.4495852","c"
"-2.8078675","-2.0575073","1.9584496","c"
"-2.965532","-1.8717402","3.5217788","c"
"-3.075383","-1.759335","-0.7938532","c"
"-3.6443496","1.9507527","6.2107573","c"
"-3.249733","-1.6387397","0.9285607","c"
"1.9133661","2.35411","-1.0223895","c"
"4.0943666","-5.9575095","-3.8040426","c"
"-3.7357347","-2.731689","2.4848351","c"
"2.7513642","2.0539072","-0.39848003","c"
"-0.7898626","3.1240876","1.4994327","c"
"4.2487273","5.6906614","4.0332723","c"
"-1.5437894","1.5079435","0.7674018","c"
"3.045902","6.5273304","2.1168146","c"
"0.258009","-4.1541615","1.1508577","c"
"2.7134223","-6.2167907","-2.0222597","c"
"3.4053342","-0.9566201","1.4475819","c"
"0.68217844","1.0732847","-1.2594033","d"
"10.718102","3.6714818","-10.537216","d"
"1.4912515","0.15860873","0.069312446","d"
"-0.6174204","-1.2927601","0.24316464","d"
"-3.229087","-0.024652028","0.50757164","d"
"1.0903095","-1.850599","0.32799372","d"
"-0.29277292","0.292239","0.8985356","d"
"1.179462","1.0823263","0.8936564","d"
"3.3941035","-1.3515266","1.7136974","d"
"1.9723587","2.6603003","1.5406517","d"
"-0.6479111","-1.502948","0.3969653","d"
"0.76128197","2.7178485","1.7888215","d"
"1.125342","-0.513966","0.66039103","d"
"-1.9030938","-0.8687209","0.73890865","d"
"-0.11598113","0.28590128","0.32757357","d"
"-1.4401797","1.845827","1.2645469","d"
"2.1038616","-0.167801","-1.6341794","d"
"1.3459519","3.9234424","0.9787643","d"
"2.70381","1.5119239","1.4840027","d"
"0.043704398","0.9033128","2.4576302","d"
"1.5366418","2.3217957","1.320794","d"
"-2.0250032","-2.6703074","-2.0900753","d"
"-0.10177224","0.898204","0.26548928","d"
"0.38508946","1.4435675","1.5753098","d"
"-0.1889126","-1.6199404","-1.43426","d"
"1.7311434","0.7016828","-0.134836","e"
"1.413702","-0.72552186","-0.5788203","e"
"-0.59950453","0.46233955","0.3899817","e"
"3.6402743","1.0982399","-1.1268592","e"
"1.4033118","1.7846464","1.3378905","e"
"-0.17635578","-0.024093764","0.32561812","e"
"0.64700943","-0.7578265","-0.2953447","e"
"0.7937075","2.7533576","1.4661268","e"
"-0.20613691","-0.50160146","-0.7257454","e"
"1.2134547","-0.27118918","-0.12760952","e"
"-2.3542392","-0.017598541","1.5495918","e"
"-3.7278965","1.2783718","3.0734935","e"
"-1.883698","-1.5044144","0.1287736","e"
"-2.7820594","1.4945576","1.2151932","e"
"1.4032751","-0.4854453","-0.7018564","e"
"-0.2826291","-0.37221998","-0.17879407","e"
"-4.4605722","-3.2962852","1.6048855","e"
"2.8915017","6.569658","3.3829653","e"
"-1.0192932","0.3401601","0.45386478","e"
"1.280075","1.0649015","1.5069195","e"
"-0.16066773","2.1026902","2.5787926","e"
"-0.2748643","-1.5111309","0.1977973","e"
"-0.23194838","0.8633948","0.36891565","e"
"-4.997589","-3.38469","1.2515357","e"
"-0.7710589","-0.63333756","0.45848244","e"
"2.841085","2.9557114","0.9707432","f"
"2.432034","3.818898","4.305033","f"
"0.041908782","0.07284742","0.58666027","f"
"-2.3452718","-0.3082498","0.42587903","f"
"-3.9382126","-0.21910195","3.3861601","f"
"1.4263257","-1.355797","-0.21960166","f"
"-3.0579808","-1.6142033","-0.1707703","f"
"-1.5755482","-3.036919","-1.6966469","f"
"-1.6081492","-0.976083","2.5535843","f"
"-0.0682836","1.0526948","1.2780975","f"
"-0.0682836","1.0526948","1.2780975","f"
"1.5818287","0.29484305","-0.9277144","f"
"-0.9319819","-0.42992398","0.6888028","f"
"-2.089604","1.2947446","1.6100286","f"
"0.5178881","-0.6794542","0.80552095","f"
"-1.1497097","-2.0662935","-0.53197044","f"
"-1.061508","-1.1891454","0.860672","f"
"-1.2151909","-1.4346566","0.16546606","f"
"-1.7099185","-1.5307373","2.4297307","f"
"-0.58365184","-0.69541687","0.47695604","f"
"3.2277815","-2.326098","-2.9773078","f"
"0.46475986","-2.6112165","2.542196","f"
"-3.320851","1.2440184","1.5940987","f"
"1.2700441","-0.078529365","0.44435424","f"
"-1.3405756","1.8862053","0.17424469","f"
"1.0089682","6.2296352","2.0685236","g"
"-0.95068806","-1.1671026","0.8243515","g"
"1.7562329","4.032256","1.5606872","g"
"1.3632734","-0.754242","-1.3996816","g"
"0.5780709","-0.38507265","0.30571017","g"
"2.3755412","0.9838832","0.978754","g"
"-4.0386734","-1.0421445","2.1073492","g"
"-0.7689012","1.0389607","1.3877316","g"
"-0.12716101","0.4004553","0.57233506","g"
"0.49154153","1.1609504","0.69635195","g"
"1.3648536","1.1720437","0.12944143","g"
"1.1780465","3.0158334","0.9748362","g"
"0.8694998","0.36803138","0.8510076","g"
"1.0349501","1.752303","2.1471777","g"
"2.2498977","3.1097617","1.4570435","g"
"0.6027888","1.4992268","1.7389821","g"
"4.19738","6.3997183","3.4515731","g"
"3.76073","4.1221585","2.9296691","g"
"2.0924726","3.8387172","1.90313","g"
"1.0618159","-1.6342847","0.7714117","g"
"1.3958999","2.1698518","1.024226","g"
"0.13316624","0.38169438","1.2487739","g"
"0.855166","2.2290719","2.3300285","g"
"-0.34625423","-1.0436362","0.7135211","g"
"1.5443321","0.9286624","0.5295129","g"
"4.7136164","4.5958633","0.67222524","h"
"0.8364517","-0.9307815","-0.86430097","h"
"1.0125201","0.52527374","-0.69116277","h"
"0.22390686","-1.0148906","0.08384929","h"
"-2.386772","-2.8032773","0.14617647","h"
"-0.9709125","-0.10081846","0.21745017","h"
"-0.47000846","-0.40887845","0.2304261","h"
"-2.6095207","-1.6907388","0.69446576","h"
"0.02753154","1.5430619","0.9924592","h"
"-0.29009095","-0.17156033","0.12504007","h"
"-0.0052851913","0.091389015","0.6990831","h"
"-4.0049357","-2.1310284","1.0446217","h"
"0.8192313","1.743784","0.5713387","h"
"-1.5037638","-0.7417594","0.6926691","h"
"1.384781","1.799519","0.49187037","h"
"-1.0692812","-1.9117854","-0.23599575","h"
"3.7644734","-0.23250714","-0.08240063","h"
"0.346237","4.132765","2.8858645","h"
"-1.5381325","0.62336165","1.1169422","h"
"-0.839738","2.7871757","1.5902276","h"
"0.86815125","4.918487","3.5897293","h"
"1.9107267","2.6743677","1.1473633","h"
"2.0259566","2.0445886","2.0493398","h"
"1.4847257","0.25083047","-0.27491242","h"
"3.1396875","2.697929","0.5251014","h"
"-3.1191258","-1.7812228","-3.6227164","i"
"1.7992122","8.055971","5.04614","i"
"0.18940407","2.0506797","1.4899131","i"
"-0.17203875","-0.29113883","0.422082","i"
"-0.7243948","0.59098786","1.3700101","i"
"-0.2822096","-1.8846391","-0.72173434","i"
"2.2209208","0.27093068","1.3116833","i"
"-1.0084513","-1.9934647","1.5832204","i"
"0.43636185","-0.41428944","-0.30284804","i"
"2.440575","0.107410826","-0.3397843","i"
"0.14546444","-0.09002598","-0.17167006","i"
"-1.7085178","-1.5634071","-0.29288253","i"
"1.7568355","-0.77927995","0.24455643","i"
"2.0830603","5.3865733","0.85482746","i"
"-0.5411417","0.6948074","0.59276587","i"
"-1.8897072","-2.7517538","0.892665","i"
"-3.203453","-4.0040684","0.2154007","i"
"-1.0453526","0.22524968","1.5326555","i"
"3.5082562","0.7086631","-1.0925812","i"
"2.5739934","0.054512616","-1.4798733","i"
"-1.1487194","0.2849441","2.2235386","i"
"0.83370245","1.625532","2.137575","i"
"-0.4610434","-0.5801409","-1.1867567","i"
"1.0885146","-0.22786795","0.19102232","i"
"-2.5904727","-0.5998895","1.7905961","i"
"37.897","86.57162","32.683514","j"
"36.998974","97.53923","55.46373","j"
"43.668575","90.07708","53.40049","j"
"72.96414","88.947426","28.164955","j"
"41.67103","108.7439","58.944702","j"
"50.056194","73.7483","32.475452","j"
"43.232315","75.02132","41.435555","j"
"17.443491","73.96843","49.157627","j"
"69.411285","110.42526","69.96078","j"
"38.14515","117.79358","72.5131","j"
"35.82249","90.957695","41.422447","j"
"42.156162","88.51824","44.102177","j"
"82.20592","91.34624","34.731094","j"
"52.85565","80.25826","39.71968","j"
"72.19566","60.38804","32.06873","j"
"59.355186","66.40769","37.41559","j"
"58.572365","51.102154","16.430008","j"
"59.26006","26.191982","29.236782","j"
"35.747986","77.12038","46.453926","j"
"70.100075","67.12114","66.61717","j"
"106.752594","63.869495","13.539862","j"
"60.385963","66.27833","38.17136","j"
"57.713696","14.542898","32.851505","j"
"88.03798","44.81419","27.95434","j"
"108.69375","42.13381","28.612349","j"
"-1.5679015","-3.4289665","-2.4316013","k"
"1.0741076","2.3457994","1.0148089","k"
"1.9983163","-1.5177989","-1.8788234","k"
"-1.0187007","-0.111856945","0.4476646","k"
"0.64534026","-0.5567024","-0.23231462","k"
"-2.0933828","0.50941557","4.0669866","k"
"2.9691226","2.2734435","3.2072995","k"
"3.834587","4.744629","0.69929445","k"
"4.9985642","5.1621075","-1.0720259","k"
"-0.5540848","0.68707776","5.920183","k"
"6.484717","7.7720256","0.68962395","k"
"-4.949758","0.12169524","2.567148","k"
"2.5642648","2.1332986","0.15300563","k"
"-4.087789","-1.8141062","2.2150152","k"
"0.5559757","3.2018557","3.8126547","k"
"0.642814","5.1056266","5.0054555","k"
"6.1599445","2.899993","2.2866488","k"
"-2.7269702","-2.8349764","1.4663551","k"
"-3.9226344","-1.1678636","11.389968","k"
"0.65577793","2.5647452","1.6715508","k"
"1.3080171","1.6869341","-0.48426282","k"
"3.1024237","-4.2632504","-6.4920077","k"
"3.3948088","3.3897018","0.16738139","k"
"-3.0989826","-1.2432593","1.6806394","k"
"2.0062306","0.8064731","1.7534618","k"
"-1.0388851","0.06234185","0.9064458","l"
"3.4313574","7.7482557","2.363281","l"
"2.9788451","0.6534015","2.5210996","l"
"4.5054936","1.7832547","1.1926919","l"
"-2.2963548","-2.086333","1.2992253","l"
"4.4407244","7.169321","6.281161","l"
"2.1634064","0.50133336","-0.64669305","l"
"-3.7845495","-2.3090062","1.2754294","l"
"7.869857","2.9808688","2.0405602","l"
"3.2960403","3.2928507","1.5123564","l"
"-0.060712524","1.0792167","3.2032664","l"
"-5.8184","-0.3039014","3.5372005","l"
"3.2941976","1.9480346","7.674426","l"
"1.2970612","2.0944912","1.1777806","l"
"0.31702226","-2.101323","4.0095243","l"
"-3.3785903","-1.4761469","0.41467535","l"
"-1.2049291","1.3620851","2.320707","l"
"1.9924306","0.8100514","3.2334273","l"
"2.524893","2.5116327","4.920547","l"
"1.1492937","0.3661117","1.2222924","l"
"2.6929016","3.4034803","3.1305265","l"
"6.00804","4.5386305","0.9432342","l"
"7.167259","2.4156344","5.0704403","l"
"-3.2681367","-2.5806696","0.8207972","l"
"-2.9522254","-2.7796168","0.86740434","l"
"3.97012","5.058633","2.8068528","m"
"1.5098116","-1.2110955","-2.951835","m"
"1.2530177","-4.9901576","-0.40295655","m"
"2.8526385","-4.078485","0.3717341","m"
"10.033803","-2.419882","-3.1633284","m"
"2.2598011","-1.7871045","-3.2079542","m"
"-1.3203511","0.76985776","1.0254829","m"
"1.7154843","-0.24848787","-0.6519694","m"
"1.144377","4.596896","2.0563142","m"
"5.221411","-1.7707657","-2.9851732","m"
"0.28130844","-3.2936313","-0.9145208","m"
"-0.38061848","-1.7506607","-1.024347","m"
"-1.6044239","2.2890577","1.7783278","m"
"-2.111731","-1.3796413","0.5789641","m"
"2.427141","0.23096886","-1.0601741","m"
"-0.5404788","-1.5600079","-0.9121652","m"
"-0.13440543","2.672338","2.4466338","m"
"8.395198","-0.03344823","-1.5293444","m"
"-3.1870117","3.6833165","6.5077066","m"
"-0.53406554","2.9024189","4.492082","m"
"-1.0653931","-3.184686","0.26797453","m"
"-1.0177109","-0.18696244","0.18240057","m"
"0.19912298","0.037027694","-0.20201577","m"
"0.6893987","-0.109451294","-0.33924562","m"
"-0.073402606","-3.5156047","-1.4066664","m"
"8.543451","6.4237065","-2.6422331","n"
"0.814313","3.148423","-0.2877292","n"
"-1.2508675","-1.4856935","-0.18852094","n"
"-2.5660872","5.052509","7.5206943","n"
"-1.0350206","-0.44191134","1.3482156","n"
"-7.834158","-4.865328","1.3981036","n"
"5.0780377","-0.80444604","8.319506","n"
"1.9361848","0.72479093","-0.20328762","n"
"-2.6127174","-1.2924088","2.052486","n"
"-2.7428484","3.5650885","21.842573","n"
"-0.4440767","1.1471812","3.2455854","n"
"-4.0664406","1.3763722","6.8611984","n"
"-1.2715676","1.2162986","7.701315","n"
"-3.749276","1.2019496","6.7689114","n"
"-3.621324","-2.3283117","0.26724857","n"
"-4.607416","-0.11569578","2.163003","n"
"-5.3932834","1.7657917","4.073548","n"
"-9.978971","6.701353","10.736872","n"
"-5.378656","-2.4014895","1.4619691","n"
"3.4470308","2.8992925","3.6157584","n"
"-1.7068932","-1.4804935","2.1530454","n"
"-1.6881946","-0.71561915","2.6356108","n"
"6.6111217","0.49334162","8.316583","n"
"-3.278524","-0.76078284","0.59472847","n"
"-0.5319071","2.4212968","0.54091126","n"
"-1.4874952","-0.9557846","1.6895597","o"
"-2.9217036","0.20519829","1.0608525","o"
"-1.8381798","1.3539723","3.4932513","o"
"5.266714","2.5675316","2.01101","o"
"-0.817379","0.93227375","0.29700857","o"
"-0.74711305","0.57535","0.80775744","o"
"-0.9368466","0.10555995","0.8938393","o"
"3.290008","1.4823742","-0.24034128","o"
"-0.42292964","-1.224448","-0.75539166","o"
"-2.2743123","5.339617","5.9677","o"
"12.068878","7.5158935","-0.98770356","o"
"2.2117934","3.621836","0.9648427","o"
"2.5231824","1.5502563","0.044421833","o"
"0.4918421","1.0600013","0.51063114","o"
"3.4638073","2.110358","-0.11512302","o"
"12.462853","8.716067","-0.03284019","o"
"1.7153081","1.3289278","0.56360716","o"
"-0.64997953","-3.1444633","-0.57570034","o"
"1.0720413","-0.69596213","-0.8695747","o"
"1.5315744","-0.46754873","0.1255479","o"
"4.3088293","2.341782","4.3908744","o"
"0.17865403","0.45432273","1.232594","o"
"-4.421707","-1.5641235","1.1536202","o"
"8.9550085","6.5002747","-0.54622436","o"
"-1.0636537","0.8497797","1.3715568","o"
"6.005876","6.451898","-0.4646742","p"
"2.9467063","9.160131","1.8708328","p"
"-0.987342","0.8467258","0.16101618","p"
"-1.624139","-4.929923","-1.2676975","p"
"1.0178286","3.3986294","-0.9931813","p"
"5.5160227","9.599659","2.120612","p"
"1.1437539","2.4245589","3.0017595","p"
"-0.7549731","2.6577144","2.121138","p"
"1.0910639","1.4733564","-0.9824416","p"
"-8.927309","-5.5793643","-0.9406227","p"
"7.1603317","-4.754639","-2.1050138","p"
"1.4324962","3.7674534","0.7031714","p"
"-3.2864702","-2.3545995","0.6366194","p"
"1.3411194","-10.6197605","-4.819076","p"
"9.399587","-0.84160286","-9.20992","p"
"1.6516644","10.397234","0.33442265","p"
"-2.8827596","1.6631607","6.1659327","p"
"5.7399983","7.174046","3.701785","p"
"-6.8699036","-4.017363","7.286519","p"
"1.2916943","3.6717534","0.5968038","p"
"-4.435539","-2.5921311","1.854338","p"
"-0.8165285","-0.080992185","2.1474564","p"
"-1.1876122","0.0027399857","-0.4352469","p"
"-3.7542412","0.4578814","1.5363337","p"
"2.676938","0.7427836","2.953602","p"
"-13.601224","5.106042","-4.1782756","q"
"-1.8942593","-4.08993","0.58779466","q"
"-0.18894278","-0.3088056","-1.808598","q"
"5.040067","2.714277","-0.07149549","q"
"4.6086817","2.4571686","-0.37871847","q"
"1.8810371","1.5719908","1.3336617","q"
"-0.015610544","2.242785","1.9256063","q"
"4.2520757","10.387159","8.100384","q"
"-1.3234563","1.3093972","4.512001","q"
"3.3996015","2.7393432","-0.45936573","q"
"10.209874","4.5060916","2.090862","q"
"2.395923","3.0258093","3.9784303","q"
"2.8755658","3.296074","1.6935059","q"
"2.469661","-3.1740556","2.325635","q"
"4.9250836","8.862341","8.793271","q"
"6.786121","4.7655034","3.0279117","q"
"5.0257864","5.003782","4.706085","q"
"5.54442","6.607538","1.6279721","q"
"7.0813003","5.105491","-0.9056087","q"
"3.3464155","5.6276307","3.4248986","q"
"5.522133","2.4983003","2.2719393","q"
"0.41736588","4.9632163","3.4932213","q"
"2.7978735","-0.41455847","-3.1129568","q"
"3.882663","2.5968192","7.93969","q"
"2.785614","3.6503701","3.5225148","q"
"2.785614","3.6503701","3.5225148","q"
"-0.8611127","0.26800343","-0.38930696","r"
"0.4144383","0.5378359","0.8129014","r"
"-2.3344703","-2.7704055","2.4148896","r"
"-0.13334873","1.675936","1.8898158","r"
"-2.8404448","-3.781976","-2.111366","r"
"-0.7631586","0.97786903","0.96724355","r"
"-1.6027424","-0.8982466","0.8445704","r"
"0.48184714","2.013672","1.2429031","r"
"-1.8758847","0.9541842","0.52933383","r"
"0.5365511","-0.27831033","-0.2943114","r"
"-0.43669492","0.2398279","-0.29770026","r"
"-4.814752","-2.6913726","0.32674757","r"
"-4.2557287","-0.06309904","2.5236871","r"
"1.9032782","0.95800745","1.7383417","r"
"15.211641","-5.2052045","-7.450511","r"
"-0.94168174","-2.719976","-1.7806778","r"
"0.08307108","3.9691658","3.664716","r"
"-1.348173","10.136056","2.255798","r"
"-0.9170047","-0.8387907","0.4689539","r"
"2.1920798","1.9897754","0.7439577","r"
"1.2660538","3.0661578","2.8710556","r"
"1.3079618","5.3139067","4.776548","r"
"2.2537448","4.2569156","1.965343","r"
"-1.0114598","0.0729088","1.0673598","r"
"0.6033322","6.234773","5.2371106","s"
"-2.2797313","-1.9689318","-3.1897545","s"
"-2.0038764","9.113574","2.8443484","s"
"-11.0997305","2.8866951","6.780223","s"
"-3.2426364","5.6560316","1.8127493","s"
"3.8210533","1.960666","-2.565272","s"
"2.3647757","3.5741577","0.46406746","s"
"7.6029315","0.98838156","-2.5706441","s"
"-6.09815","4.305154","3.7671385","s"
"1.2990998","-1.6213287","-1.5318092","s"
"4.702692","5.3449736","-0.18880336","s"
"5.1937637","5.419312","0.25443652","s"
"11.124561","3.2952223","-0.1410654","s"
"4.742188","4.0433273","-0.48861125","s"
"4.273556","1.6546702","0.89002424","s"
"3.5220923","4.067447","-0.5191688","s"
"6.037411","-5.915814","-2.3158596","s"
"7.6109953","3.5531316","-1.5294622","s"
"4.063653","3.8306482","0.90898865","s"
"4.6620812","2.591015","4.8607364","s"
"4.9245386","-8.436253","-0.039342698","s"
"-1.4558402","6.2502084","2.8281522","s"
"0.49378914","2.9440646","-8.319105","s"
"7.764939","3.5233858","1.3470476","s"
"0.77092624","-4.9415326","-1.5622509","s"
"4.2281427","1.9249718","0.8035315","t"
"-1.1408929","1.2997358","2.9441388","t"
"2.352387","3.4014049","2.4049628","t"
"1.5984491","0.5248512","-2.4134078","t"
"1.1926322","1.9008957","5.7029886","t"
"-0.10083244","0.87972283","2.1787527","t"
"-0.16550414","0.028798064","1.1723399","t"
"0.91809654","0.5882258","-1.1867306","t"
"-0.8808024","0.5229533","1.7851654","t"
"-2.178289","-1.9163915","-0.60555494","t"
"-0.21212633","-0.509539","0.7193517","t"
"2.3483274","0.37980846","2.2774744","t"
"-1.1671273","3.2428205","6.83343","t"
"5.8461146","0.06254387","1.029379","t"
"-10.383917","5.0702767","1.3344009","t"
"5.8265514","1.4688971","0.32726213","t"
"-2.2764804","2.8519216","3.0053802","t"
"-16.663412","-70.7252","3.1733704","t"
"17.569902","4.651427","2.6905692","t"
"-5.1555095","0.63409674","6.7514343","t"
"-1.8862453","-1.1168445","-0.5679025","t"
"-10.591196","-7.3090153","-3.1962295","t"
"0.028611664","-1.7840848","-0.17793155","t"
"0.17482314","0.9307605","0.59167224","t"
"0.2905186","0.14771967","1.6003276","t"
"0.8533971","5.8980756","-2.2865202","u"
"10.555065","10.232827","-3.0352113","u"
"-0.9660853","-1.2150872","-0.014498369","u"
"-1.4669214","-1.1730639","1.5726455","u"
"-0.4880776","1.1545315","-0.15145111","u"
"-4.769547","1.2266144","0.28038073","u"
"1.417492","2.2866204","-0.21077695","u"
"-0.28342876","-3.7200325","7.0762315","u"
"-10.7717085","2.0782669","0.6731329","u"
"3.3969958","-0.5126277","-2.0587306","u"
"10.073563","-4.761455","2.3005192","u"
"-0.32340088","1.4053771","3.8068538","u"
"2.0258462","-10.550257","-2.743552","u"
"-5.8779078","-10.06224","1.6387855","u"
"5.5808387","-15.234946","-5.9825864","u"
"2.1086364","-11.441728","2.7529817","u"
"15.742795","-2.3305469","4.271378","u"
"18.459198","-10.295568","-6.827768","u"
"-3.0867238","-0.39212543","5.530812","u"
"-1.9966185","-7.388792","5.7159653","u"
"0.7160562","-2.9038098","-5.473974","u"
"-1.3950075","1.6244901","3.1866517","u"
"1.1261196","-4.982177","-1.1006095","u"
"-8.525343","-7.833702","-1.0291189","u"
"8.074284","2.8569837","4.5687947","u"
"-2.2505147","15.167691","13.243836","v"
"5.2627244","3.0590377","2.8551455","v"
"9.493848","-3.700756","1.7365782","v"
"-4.1827135","2.1244104","5.262715","v"
"7.8010287","-3.4414802","2.401975","v"
"-1.1100137","0.81467843","4.240904","v"
"16.414705","-2.452526","-1.6828028","v"
"4.818845","9.891237","7.8989196","v"
"6.801303","-4.7217355","3.8987007","v"
"-1.8060886","-8.565673","-0.06774055","v"
"5.0322237","7.8838415","5.1796894","v"
"0.17368804","0.5310392","1.519779","v"
"1.9895208","-7.958621","-6.157033","v"
"2.4125535","0.37491658","3.5546553","v"
"-1.9324483","-9.405545","2.4835393","v"
"1.2829422","-1.3220336","2.3306458","v"
"1.5488825","-6.9650097","-1.084528","v"
"0.47444046","-3.5349693","1.8804338","v"
"0.7115792","-4.003772","1.3224238","v"
"-0.8484096","5.825803","9.803138","v"
"6.7395654","-0.5399099","1.85051","v"
"-2.3821216","2.4274004","-1.0706944","v"
"1.2445922","6.4101048","2.8684454","v"
"-0.28000513","-3.8567863","2.9826531","v"
"1.6344056","0.8662108","2.421472","v"
"3.6053934","-5.5509615","2.7871678","w"
"6.466726","-0.3045737","1.9190484","w"
"5.6669364","2.8413074","3.8211672","w"
"1.8255038","0.43217123","0.26485255","w"
"8.626535","3.0983624","1.9882566","w"
"-2.0458515","-0.31979144","2.5093014","w"
"2.1930118","1.2677071","0.6633304","w"
"2.908603","43.463764","-2.5606544","w"
"-6.439885","-0.15271321","1.719422","w"
"3.5466583","-3.4455256","1.7297673","w"
"-2.2680793","-1.5697768","-0.55538774","w"
"15.934036","4.2682586","1.3407633","w"
"11.616935","5.9472327","4.0661225","w"
"9.072852","-1.6135538","-0.32056287","w"
"4.0538745","1.0077443","0.58124393","w"
"7.475398","-1.5861646","1.6285013","w"
"-13.718829","4.0168757","-4.9451146","w"
"-2.9433982","-3.9070635","2.2026834","w"
"-0.24926832","4.0831003","-0.6657098","w"
"3.0856013","3.4719613","7.5275974","w"
"6.0273237","-7.839381","1.8890647","w"
"9.003896","-1.0836112","0.9975559","w"
"9.142725","-6.6356597","-1.142916","w"
"3.914211","0.80790573","0.77211","w"
"-6.0845356","3.6780715","3.100292","w"
"9.5005","9.981726","-0.89703214","x"
"0.09842665","1.8358115","2.7337217","x"
"-1.9999888","1.0343175","2.7980955","x"
"1.3058776","-2.0962641","-4.142523","x"
"-0.031654954","-0.54618484","0.5093388","x"
"6.3527155","-1.5896837","-1.1690706","x"
"1.6666697","0.458058","-4.7908874","x"
"1.3062354","0.8371649","5.1820507","x"
"-1.9638336","-0.13246062","1.6042279","x"
"-3.9665565","-0.4633759","2.24151","x"
"1.2463075","2.7944098","-0.06766186","x"
"-1.8609833","0.3811788","0.36540642","x"
"-2.3102574","-2.1260157","-0.9830573","x"
"1.4769224","-0.079776555","2.4832444","x"
"-0.7777379","-1.6815999","-0.7942125","x"
"-1.8582726","-0.3195502","1.5955312","x"
"0.3504341","1.2487998","0.5801295","x"
"6.0602207","5.7462316","7.3005266","x"
"1.3166516","3.93527","1.8239405","x"
"0.5626039","3.2892635","3.8652277","x"
"-0.8303031","-1.1996224","0.97053313","x"
"0.75618213","1.357999","-0.3095033","x"
"-0.81324667","0.5362018","1.9604162","x"
"0.5312891","0.9287776","-0.81110173","x"
"0.20654854","1.2832819","0.62627923","x"
"1.8569278","2.493662","1.7276292","y"
"4.4530087","5.0535483","1.604896","y"
"-1.0710868","0.21289288","0.5980744","y"
"-3.7355926","0.10861476","1.712099","y"
"-1.5666943","0.7076639","-0.23526567","y"
"-6.9949727","2.1860528","6.0233164","y"
"3.2173839","0.14071725","-0.5819466","y"
"-1.5437543","2.241029","4.302797","y"
"0.59305394","2.9690616","0.23879617","y"
"-3.2285929","0.18507735","1.2005347","y"
"2.712617","6.297636","5.8036623","y"
"-0.15896247","-0.40709355","1.9720043","y"
"-2.5266526","0.94414735","1.6632087","y"
"-4.249652","2.5225682","1.8678377","y"
"0.7881462","2.8398156","1.7270072","y"
"-9.626012","-3.7704418","-1.5351222","y"
"-9.768551","-1.2533882","-3.5091283","y"
"-1.431631","1.5080689","0.4328281","y"
"-0.0699168","1.8542336","1.7983824","y"
"1.8135464","2.9725091","1.4576694","y"
"-4.715303","-8.26085","-4.0855365","y"
"7.6417117","-1.4915473","0.30070314","y"
"5.2081666","7.7882752","5.2766476","y"
"2.6537025","-1.5475447","1.2972988","y"
"-1.1513277","0.9221084","2.055331","y"
"22.915333","-9.239804","16.765057","z"
"16.500614","-38.768078","28.100285","z"
"-0.40700835","-40.98441","26.556362","z"
"-4.6459937","-34.72741","53.83495","z"
"18.222004","-23.509695","29.31889","z"
"-5.1480374","-24.837091","48.29158","z"
"-42.182667","-33.168026","46.10519","z"
"-31.753618","-30.358198","46.52199","z"
"-49.478695","-36.409668","57.396755","z"
"-42.394726","-39.691","61.71217","z"
"16.038778","-16.240906","28.026064","z"
"-51.757282","-47.38714","58.48782","z"
"-29.902353","-25.619242","52.303825","z"
"-50.984997","-45.953552","69.13836","z"
"-6.6649485","-20.60199","49.44","z"
"-87.84333","-68.949745","82.853745","z"
"-35.769024","-45.087406","62.35925","z"
"-84.67077","-57.918617","79.082954","z"
"-94.27537","-63.87102","96.01487","z"
"-52.686405","-48.482166","76.98136","z"
"-35.244305","-40.455704","57.71604","z"
"-27.465015","-41.023113","57.88426","z"
"-27.840475","-33.784985","57.684708","z"
"6.0313177","-14.0701885","41.442066","z"
"-82.79487","-45.318233","101.47877","z"
"2.0107448","-12.230067","3.9291463","a"
